style_name,font_family,font_size_px,font_weight,line_height,letter_spacing,text_case,use,note
Display/Large,Plus Jakarta Sans,40,700,1.2,-0.02em,Sentence,Major page moments only,Load Jakarta 700
H1/Page Title,Plus Jakarta Sans,24,600,1.3,-0.02em,Sentence,Page titles (People/Actions/Home),Primary heading
H2/Section,Plus Jakarta Sans,20,600,1.3,-0.01em,Sentence,Sections + empty-state headings,—
H3/Card Title,Plus Jakarta Sans,18,600,1.3,0,Sentence,Card headings + person name (cards),—
Person/Name Hero,Plus Jakarta Sans,20,600,1.3,0,Sentence,Person profile header name only,Never uppercase / never mono
Greeting/Header,Plus Jakarta Sans,18,600,1.3,0,Sentence,Home greeting e.g. Good morning David,—
Body/Large,Inter,16,400,1.5,-0.01em,Sentence,Primary content + timeline body,—
Body/Default,Inter,14,400,1.5,0,Sentence,Default content / lists / notes,—
Body/Small,Inter,13,400,1.5,0,Sentence,Supporting info,—
Caption/Metadata,ui-monospace SFMono-Regular Menlo Consolas monospace,12,400,1.4,0,Sentence,IDs / F-codes / timestamps / audit,Never Jakarta; signals machine fact
Button/Primary,Inter,16,600,1.3,-0.01em,Sentence_Main word capitalised only,Main action e.g. Introduce Sarah / Record interaction,44px min target / Teal fill
Button/Secondary,Inter,14,600,1.3,-0.01em,Sentence,Cancel / secondary actions,Outline or neutral
Field/Label,Inter,14,500,1.4,0,Sentence,Always visible persistent labels,Never placeholder-only
Field/Input,Inter,16,400,1.5,0,Sentence,Input values / textarea / select,16px prevents iOS zoom
Helper/Text,Inter,13,400,1.4,0,Sentence,Helper + descriptions,—
Validation/Error,Inter,13,500,1.4,0,Sentence,Field errors with icon + field link,Include icon not colour alone
Nav/Bottom,Inter,12,500,1.3,0.01em,Sentence,Bottom nav + topbar + breadcrumbs,—
Tab/Filter Pill,Inter,13,500,1.3,0,Sentence,Tabs Today|Overdue|Upcoming|Completed + filters,Active = Teal
Status/Pill,Inter,12,500,1.3,0,Sentence,Journey NEW…BELONGING + OPEN…PAUSED,Text + icon never colour alone
Timeline/Date,ui-monospace SFMono-Regular Menlo Consolas monospace,12,400,1.4,0,Sentence,Today 4:20 PM / activity dates,—
Toast/Alert Title,Inter,14,600,1.4,0,Sentence,Toast + inline alert headings,—
Toast/Alert Body,Inter,14,400,1.4,0,Sentence,Toast + alert descriptions + Try Again,—
AI/Label Chip,Inter,12,500,1.3,0.02em,Sentence,AI suggestion / Possible connection chip,Amber chip + icon
AI/Suggestion Title,Plus Jakarta Sans,16,600,1.3,0,Sentence,AI suggestion headline (P1 future),Human must Accept/Edit/Dismiss
Permission/Restricted Title,Inter,14,600,1.4,0,Sentence,Restricted information heading,Lock icon required
Permission/Restricted Body,Inter,13,400,1.4,0,Sentence,You dont have permission copy,No preview leak
Table/Header,Inter,12,500,1.3,0.02em,Sentence,Desktop table headers only,Avoid tables on mobile
Table/Cell,Inter,14,400,1.4,0,Sentence,Desktop table cells,—
